train_loss,val_loss,val_acc
0.16997054895348976,0.520898619367591,0.864432949895777
0.13943496127604124,0.5485448785802646,0.8622712885045936
0.12443058918478009,0.5425531456522638,0.8671350266347564
0.1102764439577887,0.557486548033775,0.8685246661005173
0.09161251893826924,0.5563417700599825,0.8689106770632286
0.08239496608304633,0.5558690614819309,0.8730023932679688
0.0765881132981222,0.5592651335117159,0.8737744151933915
