train_loss,val_loss,val_acc
0.3943810688107283,0.5260845273388018,0.8580251679147688
0.22476625507570405,0.5085293212576942,0.859260402995445
0.21345366131735605,0.5131274407205642,0.8626572994673049
0.19916253433167344,0.5162058177411367,0.8617308731567976
0.18768901076894315,0.5191146729432468,0.8626572994673049
